{"cameraMode":{"drawMode":0,"name":"Shaded","section":"Shading Mode"},"sceneLighting":true,"audioPlay":false,"sceneViewState":{"showFog":true,"showMaterialUpdate":false,"showSkybox":true,"showFlares":true,"showImageEffects":true,"showParticleSystems":true},"in2DMode":false,"pivot":{"x":263.3748779296875,"y":-17.770294189453126,"z":-13.80926513671875},"rotation":{"x":-0.08955657482147217,"y":0.9054586887359619,"z":-0.2392333447933197,"w":-0.3389567732810974},"size":637.6625366210938,"orthographic":false}