{"cameraMode":{"drawMode":0,"name":"Shaded","section":"Shading Mode"},"sceneLighting":true,"audioPlay":false,"sceneViewState":{"showFog":true,"showMaterialUpdate":false,"showSkybox":true,"showFlares":true,"showImageEffects":true,"showParticleSystems":true},"in2DMode":false,"pivot":{"x":7.170463562011719,"y":2.381465435028076,"z":2.8657150268554689},"rotation":{"x":-0.04983982443809509,"y":-0.3956451714038849,"z":0.021509282290935518,"w":-0.9168061017990112},"size":3.712515115737915,"orthographic":false}