{"cameraMode":{"drawMode":0,"name":"Shaded","section":"Shading Mode"},"sceneLighting":true,"audioPlay":false,"sceneViewState":{"showFog":true,"showMaterialUpdate":false,"showSkybox":true,"showFlares":true,"showImageEffects":true,"showParticleSystems":true},"in2DMode":false,"pivot":{"x":0.8475775718688965,"y":1.614865779876709,"z":-5.623766899108887},"rotation":{"x":0.23618395626544953,"y":-0.2124725729227066,"z":0.05311141908168793,"w":0.9467529058456421},"size":16.13766098022461,"orthographic":false}