{"cameraMode":{"drawMode":0,"name":"Shaded","section":"Shading Mode"},"sceneLighting":true,"audioPlay":false,"sceneViewState":{"showFog":true,"showMaterialUpdate":false,"showSkybox":true,"showFlares":true,"showImageEffects":true,"showParticleSystems":true},"in2DMode":false,"pivot":{"x":-6.020212173461914,"y":-5.947025299072266,"z":-0.5813875198364258},"rotation":{"x":0.3603290319442749,"y":-0.22930768132209779,"z":0.09185142815113068,"w":0.899532675743103},"size":28.927749633789064,"orthographic":false}