{"cameraMode":{"drawMode":0,"name":"Shaded","section":"Shading Mode"},"sceneLighting":false,"audioPlay":false,"sceneViewState":{"showFog":true,"showMaterialUpdate":false,"showSkybox":false,"showFlares":true,"showImageEffects":true,"showParticleSystems":true},"in2DMode":false,"pivot":{"x":-11.757087707519532,"y":2.1870479583740236,"z":-7.44687557220459},"rotation":{"x":0.007654291111975908,"y":-0.9794639348983765,"z":-0.038233328610658649,"w":-0.19803284108638764},"size":16.525253295898439,"orthographic":false}