{"cameraMode":{"drawMode":0,"name":"Shaded","section":"Shading Mode"},"sceneLighting":true,"audioPlay":false,"sceneViewState":{"showFog":true,"showMaterialUpdate":false,"showSkybox":true,"showFlares":true,"showImageEffects":true,"showParticleSystems":true},"in2DMode":false,"pivot":{"x":1.833730936050415,"y":0.5029516816139221,"z":-4.730414390563965},"rotation":{"x":-0.07895160466432572,"y":0.9118303060531616,"z":-0.20899267494678498,"w":-0.34446442127227785},"size":9.384560585021973,"orthographic":false}